	sample_name	filename0	filename1	filename2	filename3	filename4	filename5	filename6	filename7	filename8	filename9	filename10	filename11	filename12	filename13	filename14	filename15	filename16	filename17	filename18	filename19	filename20	filename21	filename22	filename23	filename24	filename25	filename26	filename27	filename28	filename29	filename30	filename31	filename32	filename33	filename34	filename35	filename36	filename37	filename38	filename39	filename40	filename41	filename42	filename43	filename44	filename45	filename46	filename47	filename48	filename49	filename50	filename51	filename52	filename53	filename54	filename55	filename56	filename57	filename58	filename59	filename60	filename61	filename62	filename63	filename64	filename65	filename66	filename67	filename68	filename69	filename70	filename71	filename72	filename73	filename74	filename75	filename76	filename77	filename78	filename79	filename80	filename81	filename82	filename83	filename84	filename85	filename86	filename87	filename88	filename89	filename90	filename91	filename92	filename93	filename94	filename95	filename96	filename97	filename98	filename99	filename100	filename101	filename102	filename103	filename104	filename105	filename106	filename107	filename108	filename109	filename110	filename111	filename112	filename113	filename114	filename115	filename116	filename117	filename118	filename119	filename120	filename121	filename122	filename123	filename124	filename125	filename126	filename127	filename128	filename129	filename130	filename131	filename132	filename133	filename134	filename135	filename136	filename137	filename138	filename139	filename140	filename141	filename142	filename143	filename144	filename145	filename146	filename147	filename148	filename149	filename150	filename151	filename152	filename153	filename154	filename155	filename156	filename157	filename158	filename159	filename160	filename161	filename162	filename163	filename164	filename165	filename166	filename167	filename168	filename169	filename170	filename171	filename172	filename173	filename174	filename175	filename176	filename177	filename178	filename179	filename180	filename181	filename182	filename183	filename184	filename185	filename186	filename187	filename188	filename189	filename190	filename191	filename192	filename193	filename194	filename195	filename196	filename197	filename198	filename199
0	200713_D00300_0996_BHFFKJBCX3-input.tar	200713_D00300_0996_BHFFKJBCX3-input/inputLib1_rep1_l2.fastq.gz	200713_D00300_0996_BHFFKJBCX3-input/inputLib2_rep1_l2.fastq.gz	200713_D00300_0996_BHFFKJBCX3-input/inputLib2_rep2_l2.fastq.gz	200713_D00300_0996_BHFFKJBCX3-input/inputLib1_rep1_l1.fastq.gz	200713_D00300_0996_BHFFKJBCX3-input/inputLib2_rep2_l1.fastq.gz	200713_D00300_0996_BHFFKJBCX3-input/inputLib1_rep2_l2.fastq.gz	200713_D00300_0996_BHFFKJBCX3-input/inputLib2_rep1_l1.fastq.gz	200713_D00300_0996_BHFFKJBCX3-input/inputLib1_rep2_l1.fastq.gz																																																																																																																																																																																																
1	200512_M03100_0568_000000000-CV8GD.tar	200512_M03100_0568_000000000-CV8GD/x32-1_S17_L001_R1_001.fastq.gz	200512_M03100_0568_000000000-CV8GD/x35-1_S23_L001_R1_001.fastq.gz																																																																																																																																																																																																						
2	200806_M03100_0598_000000000-J6TJW.tar	200806_M03100_0598_000000000-J6TJW/library-rep1_S49_L001_R1_001.fastq.gz	200806_M03100_0598_000000000-J6TJW/library-rep2_S50_L001_R1_001.fastq.gz																																																																																																																																																																																																						
3	200615_M04866_0376_000000000-CVJRG.tar	200615_M04866_0376_000000000-CVJRG/input-2_S88_L001_R1_001.fastq.gz	200615_M04866_0376_000000000-CVJRG/input-1_S84_L001_R1_001.fastq.gz																																																																																																																																																																																																						
4	200721_M04866_038.tar	200721_M04866_038/library-rep2_S56_L001_R1_001.fastq.gz	200721_M04866_038/library-rep1_S52_L001_R1_001.fastq.gz																																																																																																																																																																																																						
5	210518_D00300_1229_BHKLFLBCX3.tar	210518_D00300_1229_BHKLFLBCX3/input_1_rep1_S48_R1_001.fastq.gz	210518_D00300_1229_BHKLFLBCX3/input_2_rep2_S98_R1_001.fastq.gz	210518_D00300_1229_BHKLFLBCX3/input_2_rep1_S49_R1_001.fastq.gz	210518_D00300_1229_BHKLFLBCX3/input_1_rep2_S97_R1_001.fastq.gz																																																																																																																																																																																																				
6	200924_M04866_0411_000000000-JB35D.tar	200924_M04866_0411_000000000-JB35D/S1-library-2_S14_L001_R1_001.fastq.gz	200924_M04866_0411_000000000-JB35D/x37-S2-2_S23_L001_R1_001.fastq.gz	200924_M04866_0411_000000000-JB35D/S2-library-1_S21_L001_R1_001.fastq.gz	200924_M04866_0411_000000000-JB35D/S2-library-2_S28_L001_R1_001.fastq.gz	200924_M04866_0411_000000000-JB35D/x36-S1-2_S8_L001_R1_001.fastq.gz	200924_M04866_0411_000000000-JB35D/x38-S2-2_S24_L001_R1_001.fastq.gz	200924_M04866_0411_000000000-JB35D/x38-S1-2_S10_L001_R1_001.fastq.gz	200924_M04866_0411_000000000-JB35D/x36-S2-2_S22_L001_R1_001.fastq.gz	200924_M04866_0411_000000000-JB35D/x39-S2-2_S25_L001_R1_001.fastq.gz	200924_M04866_0411_000000000-JB35D/x37-S1-2_S9_L001_R1_001.fastq.gz	200924_M04866_0411_000000000-JB35D/x39-S1-2_S11_L001_R1_001.fastq.gz	200924_M04866_0411_000000000-JB35D/S1-library-1_S7_L001_R1_001.fastq.gz																																																																																																																																																																																												
7	200901_D00300_1045_BHH3TNBCX3.tar	200901_D00300_1045_BHH3TNBCX3/S1_beads49_S49_R1_001.fastq.gz	200901_D00300_1045_BHH3TNBCX3/S1_beads82_S82_R1_001.fastq.gz	200901_D00300_1045_BHH3TNBCX3/S1_beads69_S69_R1_001.fastq.gz	200901_D00300_1045_BHH3TNBCX3/S2_beads64_S160_R1_001.fastq.gz	200901_D00300_1045_BHH3TNBCX3/S1_beads88_S88_R1_001.fastq.gz	200901_D00300_1045_BHH3TNBCX3/S1_beads18_S18_R1_001.fastq.gz	200901_D00300_1045_BHH3TNBCX3/S2_beads91_S187_R1_001.fastq.gz	200901_D00300_1045_BHH3TNBCX3/S1_beads51_S51_R1_001.fastq.gz	200901_D00300_1045_BHH3TNBCX3/S2_beads32_S128_R1_001.fastq.gz	200901_D00300_1045_BHH3TNBCX3/S2_beads94_S190_R1_001.fastq.gz	200901_D00300_1045_BHH3TNBCX3/S1_beads2_S2_R1_001.fastq.gz	200901_D00300_1045_BHH3TNBCX3/S1_beads62_S62_R1_001.fastq.gz	200901_D00300_1045_BHH3TNBCX3/S2_beads10_S106_R1_001.fastq.gz	200901_D00300_1045_BHH3TNBCX3/S2_beads56_S152_R1_001.fastq.gz	200901_D00300_1045_BHH3TNBCX3/S2_beads_rep1_S320_R1_001.fastq.gz	200901_D00300_1045_BHH3TNBCX3/S2_beads77_S173_R1_001.fastq.gz	200901_D00300_1045_BHH3TNBCX3/S1_beads72_S72_R1_001.fastq.gz	200901_D00300_1045_BHH3TNBCX3/S1_beads28_S28_R1_001.fastq.gz	200901_D00300_1045_BHH3TNBCX3/S1_beads84_S84_R1_001.fastq.gz	200901_D00300_1045_BHH3TNBCX3/S2_beads39_S135_R1_001.fastq.gz	200901_D00300_1045_BHH3TNBCX3/S2_beads28_S124_R1_001.fastq.gz	200901_D00300_1045_BHH3TNBCX3/S2_beads70_S166_R1_001.fastq.gz	200901_D00300_1045_BHH3TNBCX3/S2_beads92_S188_R1_001.fastq.gz	200901_D00300_1045_BHH3TNBCX3/S1_beads12_S12_R1_001.fastq.gz	200901_D00300_1045_BHH3TNBCX3/S1_beads5_S5_R1_001.fastq.gz	200901_D00300_1045_BHH3TNBCX3/S1_beads6_S6_R1_001.fastq.gz	200901_D00300_1045_BHH3TNBCX3/S1_beads50_S50_R1_001.fastq.gz	200901_D00300_1045_BHH3TNBCX3/S2_beads45_S141_R1_001.fastq.gz	200901_D00300_1045_BHH3TNBCX3/S2_beads18_S114_R1_001.fastq.gz	200901_D00300_1045_BHH3TNBCX3/S1_beads94_S94_R1_001.fastq.gz	200901_D00300_1045_BHH3TNBCX3/S1_beads63_S63_R1_001.fastq.gz	200901_D00300_1045_BHH3TNBCX3/S2_beads83_S179_R1_001.fastq.gz	200901_D00300_1045_BHH3TNBCX3/S1_beads93_S93_R1_001.fastq.gz	200901_D00300_1045_BHH3TNBCX3/S2_beads8_S104_R1_001.fastq.gz	200901_D00300_1045_BHH3TNBCX3/S2_beads2_S98_R1_001.fastq.gz	200901_D00300_1045_BHH3TNBCX3/S2_beads7_S103_R1_001.fastq.gz	200901_D00300_1045_BHH3TNBCX3/S2_beads1_S97_R1_001.fastq.gz	200901_D00300_1045_BHH3TNBCX3/S2_beads44_S140_R1_001.fastq.gz	200901_D00300_1045_BHH3TNBCX3/S1_beads65_S65_R1_001.fastq.gz	200901_D00300_1045_BHH3TNBCX3/S2_beads90_S186_R1_001.fastq.gz	200901_D00300_1045_BHH3TNBCX3/S2_beads26_S122_R1_001.fastq.gz	200901_D00300_1045_BHH3TNBCX3/S1_beads29_S29_R1_001.fastq.gz	200901_D00300_1045_BHH3TNBCX3/S1_beads44_S44_R1_001.fastq.gz	200901_D00300_1045_BHH3TNBCX3/S2_beads4_S100_R1_001.fastq.gz	200901_D00300_1045_BHH3TNBCX3/S1_beads66_S66_R1_001.fastq.gz	200901_D00300_1045_BHH3TNBCX3/S2_beads61_S157_R1_001.fastq.gz	200901_D00300_1045_BHH3TNBCX3/S1_beads70_S70_R1_001.fastq.gz	200901_D00300_1045_BHH3TNBCX3/S2_beads12_S108_R1_001.fastq.gz	200901_D00300_1045_BHH3TNBCX3/S1_beads9_S9_R1_001.fastq.gz	200901_D00300_1045_BHH3TNBCX3/S1_beads14_S14_R1_001.fastq.gz	200901_D00300_1045_BHH3TNBCX3/S2_beads57_S153_R1_001.fastq.gz	200901_D00300_1045_BHH3TNBCX3/S2_beads27_S123_R1_001.fastq.gz	200901_D00300_1045_BHH3TNBCX3/S1_beads20_S20_R1_001.fastq.gz	200901_D00300_1045_BHH3TNBCX3/S2_beads78_S174_R1_001.fastq.gz	200901_D00300_1045_BHH3TNBCX3/S2_beads29_S125_R1_001.fastq.gz	200901_D00300_1045_BHH3TNBCX3/S1_beads76_S76_R1_001.fastq.gz	200901_D00300_1045_BHH3TNBCX3/S2_beads79_S175_R1_001.fastq.gz	200901_D00300_1045_BHH3TNBCX3/S2_beads68_S164_R1_001.fastq.gz	200901_D00300_1045_BHH3TNBCX3/S1_beads79_S79_R1_001.fastq.gz	200901_D00300_1045_BHH3TNBCX3/S2_beads35_S131_R1_001.fastq.gz	200901_D00300_1045_BHH3TNBCX3/S1_beads52_S52_R1_001.fastq.gz	200901_D00300_1045_BHH3TNBCX3/S1_beads78_S78_R1_001.fastq.gz	200901_D00300_1045_BHH3TNBCX3/S1_beads_rep1_S406_R1_001.fastq.gz	200901_D00300_1045_BHH3TNBCX3/S1_beads36_S36_R1_001.fastq.gz	200901_D00300_1045_BHH3TNBCX3/S2_beads69_S165_R1_001.fastq.gz	200901_D00300_1045_BHH3TNBCX3/S1_beads60_S60_R1_001.fastq.gz	200901_D00300_1045_BHH3TNBCX3/S1_beads25_S25_R1_001.fastq.gz	200901_D00300_1045_BHH3TNBCX3/S2_beads93_S189_R1_001.fastq.gz	200901_D00300_1045_BHH3TNBCX3/S1_beads85_S85_R1_001.fastq.gz	200901_D00300_1045_BHH3TNBCX3/S1_beads26_S26_R1_001.fastq.gz	200901_D00300_1045_BHH3TNBCX3/S2_beads95_S191_R1_001.fastq.gz	200901_D00300_1045_BHH3TNBCX3/S1_beads46_S46_R1_001.fastq.gz	200901_D00300_1045_BHH3TNBCX3/S2_beads50_S146_R1_001.fastq.gz	200901_D00300_1045_BHH3TNBCX3/S1_beads11_S11_R1_001.fastq.gz	200901_D00300_1045_BHH3TNBCX3/S1_beads67_S67_R1_001.fastq.gz	200901_D00300_1045_BHH3TNBCX3/S1_beads95_S95_R1_001.fastq.gz	200901_D00300_1045_BHH3TNBCX3/S2_beads21_S117_R1_001.fastq.gz	200901_D00300_1045_BHH3TNBCX3/S2_beads59_S155_R1_001.fastq.gz	200901_D00300_1045_BHH3TNBCX3/S1_beads42_S42_R1_001.fastq.gz	200901_D00300_1045_BHH3TNBCX3/S2_beads46_S142_R1_001.fastq.gz	200901_D00300_1045_BHH3TNBCX3/S1_beads7_S7_R1_001.fastq.gz	200901_D00300_1045_BHH3TNBCX3/S2_beads53_S149_R1_001.fastq.gz	200901_D00300_1045_BHH3TNBCX3/S2_beads60_S156_R1_001.fastq.gz	200901_D00300_1045_BHH3TNBCX3/S1_beads68_S68_R1_001.fastq.gz	200901_D00300_1045_BHH3TNBCX3/S2_beads87_S183_R1_001.fastq.gz	200901_D00300_1045_BHH3TNBCX3/S2_beads54_S150_R1_001.fastq.gz	200901_D00300_1045_BHH3TNBCX3/S1_beads39_S39_R1_001.fastq.gz	200901_D00300_1045_BHH3TNBCX3/S2_beads11_S107_R1_001.fastq.gz	200901_D00300_1045_BHH3TNBCX3/S1_beads31_S31_R1_001.fastq.gz	200901_D00300_1045_BHH3TNBCX3/S1_beads3_S3_R1_001.fastq.gz	200901_D00300_1045_BHH3TNBCX3/S1_beads1_S1_R1_001.fastq.gz	200901_D00300_1045_BHH3TNBCX3/S2_beads66_S162_R1_001.fastq.gz	200901_D00300_1045_BHH3TNBCX3/S1_beads15_S15_R1_001.fastq.gz	200901_D00300_1045_BHH3TNBCX3/S2_beads30_S126_R1_001.fastq.gz	200901_D00300_1045_BHH3TNBCX3/S2_beads49_S145_R1_001.fastq.gz	200901_D00300_1045_BHH3TNBCX3/S1_beads73_S73_R1_001.fastq.gz	200901_D00300_1045_BHH3TNBCX3/S2_beads84_S180_R1_001.fastq.gz	200901_D00300_1045_BHH3TNBCX3/S2_library_rep1_S321_R1_001.fastq.gz	200901_D00300_1045_BHH3TNBCX3/S2_beads15_S111_R1_001.fastq.gz	200901_D00300_1045_BHH3TNBCX3/S1_beads92_S92_R1_001.fastq.gz	200901_D00300_1045_BHH3TNBCX3/S2_beads96_S192_R1_001.fastq.gz	200901_D00300_1045_BHH3TNBCX3/S2_beads75_S171_R1_001.fastq.gz	200901_D00300_1045_BHH3TNBCX3/S2_beads3_S99_R1_001.fastq.gz	200901_D00300_1045_BHH3TNBCX3/S2_beads43_S139_R1_001.fastq.gz	200901_D00300_1045_BHH3TNBCX3/S1_beads61_S61_R1_001.fastq.gz	200901_D00300_1045_BHH3TNBCX3/S1_beads75_S75_R1_001.fastq.gz	200901_D00300_1045_BHH3TNBCX3/S2_beads71_S167_R1_001.fastq.gz	200901_D00300_1045_BHH3TNBCX3/S1_beads43_S43_R1_001.fastq.gz	200901_D00300_1045_BHH3TNBCX3/S1_beads57_S57_R1_001.fastq.gz	200901_D00300_1045_BHH3TNBCX3/S1_beads91_S91_R1_001.fastq.gz	200901_D00300_1045_BHH3TNBCX3/S1_beads47_S47_R1_001.fastq.gz	200901_D00300_1045_BHH3TNBCX3/S2_beads73_S169_R1_001.fastq.gz	200901_D00300_1045_BHH3TNBCX3/S1_beads74_S74_R1_001.fastq.gz	200901_D00300_1045_BHH3TNBCX3/S1_beads33_S33_R1_001.fastq.gz	200901_D00300_1045_BHH3TNBCX3/S1_beads86_S86_R1_001.fastq.gz	200901_D00300_1045_BHH3TNBCX3/S1_beads56_S56_R1_001.fastq.gz	200901_D00300_1045_BHH3TNBCX3/S1_beads80_S80_R1_001.fastq.gz	200901_D00300_1045_BHH3TNBCX3/S2_beads47_S143_R1_001.fastq.gz	200901_D00300_1045_BHH3TNBCX3/S2_beads63_S159_R1_001.fastq.gz	200901_D00300_1045_BHH3TNBCX3/S1_beads90_S90_R1_001.fastq.gz	200901_D00300_1045_BHH3TNBCX3/S1_beads96_S96_R1_001.fastq.gz	200901_D00300_1045_BHH3TNBCX3/S1_beads_rep2_S409_R1_001.fastq.gz	200901_D00300_1045_BHH3TNBCX3/S2_beads55_S151_R1_001.fastq.gz	200901_D00300_1045_BHH3TNBCX3/S2_beads34_S130_R1_001.fastq.gz	200901_D00300_1045_BHH3TNBCX3/S2_beads23_S119_R1_001.fastq.gz	200901_D00300_1045_BHH3TNBCX3/S1_beads10_S10_R1_001.fastq.gz	200901_D00300_1045_BHH3TNBCX3/S1_beads8_S8_R1_001.fastq.gz	200901_D00300_1045_BHH3TNBCX3/S2_beads74_S170_R1_001.fastq.gz	200901_D00300_1045_BHH3TNBCX3/S1_beads83_S83_R1_001.fastq.gz	200901_D00300_1045_BHH3TNBCX3/S1_beads22_S22_R1_001.fastq.gz	200901_D00300_1045_BHH3TNBCX3/S2_beads20_S116_R1_001.fastq.gz	200901_D00300_1045_BHH3TNBCX3/S2_beads24_S120_R1_001.fastq.gz	200901_D00300_1045_BHH3TNBCX3/S2_beads48_S144_R1_001.fastq.gz	200901_D00300_1045_BHH3TNBCX3/S2_beads5_S101_R1_001.fastq.gz	200901_D00300_1045_BHH3TNBCX3/S2_beads41_S137_R1_001.fastq.gz	200901_D00300_1045_BHH3TNBCX3/S1_beads19_S19_R1_001.fastq.gz	200901_D00300_1045_BHH3TNBCX3/S2_beads37_S133_R1_001.fastq.gz	200901_D00300_1045_BHH3TNBCX3/S2_beads31_S127_R1_001.fastq.gz	200901_D00300_1045_BHH3TNBCX3/S1_beads87_S87_R1_001.fastq.gz	200901_D00300_1045_BHH3TNBCX3/S1_beads37_S37_R1_001.fastq.gz	200901_D00300_1045_BHH3TNBCX3/S2_beads72_S168_R1_001.fastq.gz	200901_D00300_1045_BHH3TNBCX3/S1_beads77_S77_R1_001.fastq.gz	200901_D00300_1045_BHH3TNBCX3/S2_beads89_S185_R1_001.fastq.gz	200901_D00300_1045_BHH3TNBCX3/S1_beads53_S53_R1_001.fastq.gz	200901_D00300_1045_BHH3TNBCX3/S1_beads24_S24_R1_001.fastq.gz	200901_D00300_1045_BHH3TNBCX3/S2_beads16_S112_R1_001.fastq.gz	200901_D00300_1045_BHH3TNBCX3/S1_beads40_S40_R1_001.fastq.gz	200901_D00300_1045_BHH3TNBCX3/S1_beads21_S21_R1_001.fastq.gz	200901_D00300_1045_BHH3TNBCX3/S1_beads64_S64_R1_001.fastq.gz	200901_D00300_1045_BHH3TNBCX3/S2_beads_rep2_S323_R1_001.fastq.gz	200901_D00300_1045_BHH3TNBCX3/S2_beads62_S158_R1_001.fastq.gz	200901_D00300_1045_BHH3TNBCX3/S1_beads23_S23_R1_001.fastq.gz	200901_D00300_1045_BHH3TNBCX3/S1_beads34_S34_R1_001.fastq.gz	200901_D00300_1045_BHH3TNBCX3/S1_beads41_S41_R1_001.fastq.gz	200901_D00300_1045_BHH3TNBCX3/S1_beads17_S17_R1_001.fastq.gz	200901_D00300_1045_BHH3TNBCX3/S2_beads58_S154_R1_001.fastq.gz	200901_D00300_1045_BHH3TNBCX3/S1_beads30_S30_R1_001.fastq.gz	200901_D00300_1045_BHH3TNBCX3/S1_beads4_S4_R1_001.fastq.gz	200901_D00300_1045_BHH3TNBCX3/S1_beads13_S13_R1_001.fastq.gz	200901_D00300_1045_BHH3TNBCX3/S2_beads6_S102_R1_001.fastq.gz	200901_D00300_1045_BHH3TNBCX3/S1_beads16_S16_R1_001.fastq.gz	200901_D00300_1045_BHH3TNBCX3/S2_beads81_S177_R1_001.fastq.gz	200901_D00300_1045_BHH3TNBCX3/S2_beads38_S134_R1_001.fastq.gz	200901_D00300_1045_BHH3TNBCX3/S1_beads58_S58_R1_001.fastq.gz	200901_D00300_1045_BHH3TNBCX3/S2_beads22_S118_R1_001.fastq.gz	200901_D00300_1045_BHH3TNBCX3/S2_beads19_S115_R1_001.fastq.gz	200901_D00300_1045_BHH3TNBCX3/S1_beads54_S54_R1_001.fastq.gz	200901_D00300_1045_BHH3TNBCX3/S1_beads32_S32_R1_001.fastq.gz	200901_D00300_1045_BHH3TNBCX3/S2_beads9_S105_R1_001.fastq.gz	200901_D00300_1045_BHH3TNBCX3/S1_beads89_S89_R1_001.fastq.gz	200901_D00300_1045_BHH3TNBCX3/S2_beads65_S161_R1_001.fastq.gz	200901_D00300_1045_BHH3TNBCX3/S1_beads27_S27_R1_001.fastq.gz	200901_D00300_1045_BHH3TNBCX3/S2_beads67_S163_R1_001.fastq.gz	200901_D00300_1045_BHH3TNBCX3/S2_beads76_S172_R1_001.fastq.gz	200901_D00300_1045_BHH3TNBCX3/S1_beads59_S59_R1_001.fastq.gz	200901_D00300_1045_BHH3TNBCX3/S1_beads71_S71_R1_001.fastq.gz	200901_D00300_1045_BHH3TNBCX3/S2_beads14_S110_R1_001.fastq.gz	200901_D00300_1045_BHH3TNBCX3/S1_beads45_S45_R1_001.fastq.gz	200901_D00300_1045_BHH3TNBCX3/S1_beads35_S35_R1_001.fastq.gz	200901_D00300_1045_BHH3TNBCX3/S2_beads17_S113_R1_001.fastq.gz	200901_D00300_1045_BHH3TNBCX3/S2_beads52_S148_R1_001.fastq.gz	200901_D00300_1045_BHH3TNBCX3/S2_beads25_S121_R1_001.fastq.gz	200901_D00300_1045_BHH3TNBCX3/S2_beads36_S132_R1_001.fastq.gz	200901_D00300_1045_BHH3TNBCX3/S1_beads81_S81_R1_001.fastq.gz	200901_D00300_1045_BHH3TNBCX3/S2_beads40_S136_R1_001.fastq.gz	200901_D00300_1045_BHH3TNBCX3/S2_beads80_S176_R1_001.fastq.gz	200901_D00300_1045_BHH3TNBCX3/S2_beads85_S181_R1_001.fastq.gz	200901_D00300_1045_BHH3TNBCX3/S1_beads48_S48_R1_001.fastq.gz	200901_D00300_1045_BHH3TNBCX3/S1_library_rep1_S407_R1_001.fastq.gz	200901_D00300_1045_BHH3TNBCX3/S2_beads33_S129_R1_001.fastq.gz	200901_D00300_1045_BHH3TNBCX3/S1_beads55_S55_R1_001.fastq.gz	200901_D00300_1045_BHH3TNBCX3/S1_beads38_S38_R1_001.fastq.gz	200901_D00300_1045_BHH3TNBCX3/S2_beads13_S109_R1_001.fastq.gz	200901_D00300_1045_BHH3TNBCX3/S2_beads51_S147_R1_001.fastq.gz	200901_D00300_1045_BHH3TNBCX3/S2_beads42_S138_R1_001.fastq.gz	200901_D00300_1045_BHH3TNBCX3/S2_beads86_S182_R1_001.fastq.gz				
8	210407_D00300_1209_AHKN5WBCX3.tar	210407_D00300_1209_AHKN5WBCX3/child-dms-rep1-input-1_S55_R1_001.fastq.gz	210407_D00300_1209_AHKN5WBCX3/x374_Lib1_S149_R1_001.fastq.gz	210407_D00300_1209_AHKN5WBCX3/x329_Lib2_S265_R1_001.fastq.gz	210407_D00300_1209_AHKN5WBCX3/x364_Lib1_S164_R1_001.fastq.gz	210407_D00300_1209_AHKN5WBCX3/x335_Lib2_S218_R1_001.fastq.gz	210407_D00300_1209_AHKN5WBCX3/x359_Lib2_S220_R1_001.fastq.gz	210407_D00300_1209_AHKN5WBCX3/x362_Lib1_S148_R1_001.fastq.gz	210407_D00300_1209_AHKN5WBCX3/x360_Lib2_S228_R1_001.fastq.gz	210407_D00300_1209_AHKN5WBCX3/x339_Lib2_S250_R1_001.fastq.gz	210407_D00300_1209_AHKN5WBCX3/x323_Lib1_S121_R1_001.fastq.gz	210407_D00300_1209_AHKN5WBCX3/x348_Lib2_S227_R1_001.fastq.gz	210407_D00300_1209_AHKN5WBCX3/x390_Lib2_S278_R1_001.fastq.gz	210407_D00300_1209_AHKN5WBCX3/x392_Lib2_S294_R1_001.fastq.gz	210407_D00300_1209_AHKN5WBCX3/x360_Lib1_S132_R1_001.fastq.gz	210407_D00300_1209_AHKN5WBCX3/x363_Lib2_S252_R1_001.fastq.gz	210407_D00300_1209_AHKN5WBCX3/x376_Lib2_S261_R1_001.fastq.gz	210407_D00300_1209_AHKN5WBCX3/x391_Lib1_S190_R1_001.fastq.gz	210407_D00300_1209_AHKN5WBCX3/x324_Lib1_S129_R1_001.fastq.gz	210407_D00300_1209_AHKN5WBCX3/x380_Lib1_S197_R1_001.fastq.gz	210407_D00300_1209_AHKN5WBCX3/x387_Lib1_S158_R1_001.fastq.gz	210407_D00300_1209_AHKN5WBCX3/x322_Lib2_S209_R1_001.fastq.gz	210407_D00300_1209_AHKN5WBCX3/x332_Lib1_S193_R1_001.fastq.gz	210407_D00300_1209_AHKN5WBCX3/x337_Lib2_S234_R1_001.fastq.gz	210407_D00300_1209_AHKN5WBCX3/x404_Lib2_S295_R1_001.fastq.gz	210407_D00300_1209_AHKN5WBCX3/x376_Lib1_S165_R1_001.fastq.gz	210407_D00300_1209_AHKN5WBCX3/x389_Lib1_S174_R1_001.fastq.gz	210407_D00300_1209_AHKN5WBCX3/x33_rep2_S272_R1_001.fastq.gz	210407_D00300_1209_AHKN5WBCX3/x341_Lib1_S170_R1_001.fastq.gz	210407_D00300_1209_AHKN5WBCX3/x377_Lib2_S269_R1_001.fastq.gz	210407_D00300_1209_AHKN5WBCX3/x345_Lib2_S298_R1_001.fastq.gz	210407_D00300_1209_AHKN5WBCX3/x379_Lib2_S285_R1_001.fastq.gz	210407_D00300_1209_AHKN5WBCX3/x405_Lib1_S207_R1_001.fastq.gz	210407_D00300_1209_AHKN5WBCX3/x401_Lib1_S175_R1_001.fastq.gz	210407_D00300_1209_AHKN5WBCX3/x336_Lib1_S130_R1_001.fastq.gz	210407_D00300_1209_AHKN5WBCX3/x394_Lib1_S119_R1_001.fastq.gz	210407_D00300_1209_AHKN5WBCX3/x330_Lib2_S273_R1_001.fastq.gz	210407_D00300_1209_AHKN5WBCX3/x377_Lib1_S173_R1_001.fastq.gz	210407_D00300_1209_AHKN5WBCX3/x348_Lib1_S131_R1_001.fastq.gz	210407_D00300_1209_AHKN5WBCX3/x356_Lib1_S195_R1_001.fastq.gz	210407_D00300_1209_AHKN5WBCX3/x343_Lib1_S186_R1_001.fastq.gz	210407_D00300_1209_AHKN5WBCX3/x405_Lib2_S303_R1_001.fastq.gz	210407_D00300_1209_AHKN5WBCX3/x337_Lib1_S138_R1_001.fastq.gz	210407_D00300_1209_AHKN5WBCX3/x398_Lib2_S247_R1_001.fastq.gz	210407_D00300_1209_AHKN5WBCX3/x34_rep1_S184_R1_001.fastq.gz	210407_D00300_1209_AHKN5WBCX3/x395_Lib2_S223_R1_001.fastq.gz	210407_D00300_1209_AHKN5WBCX3/x352_Lib2_S259_R1_001.fastq.gz	210407_D00300_1209_AHKN5WBCX3/x354_Lib2_S275_R1_001.fastq.gz	210407_D00300_1209_AHKN5WBCX3/x325_Lib2_S233_R1_001.fastq.gz	210407_D00300_1209_AHKN5WBCX3/x401_Lib2_S271_R1_001.fastq.gz	210407_D00300_1209_AHKN5WBCX3/x371_Lib1_S125_R1_001.fastq.gz	210407_D00300_1209_AHKN5WBCX3/x373_Lib1_S141_R1_001.fastq.gz	210407_D00300_1209_AHKN5WBCX3/x359_Lib1_S124_R1_001.fastq.gz	210407_D00300_1209_AHKN5WBCX3/x385_Lib2_S238_R1_001.fastq.gz	210407_D00300_1209_AHKN5WBCX3/x363_Lib1_S156_R1_001.fastq.gz	210407_D00300_1209_AHKN5WBCX3/x384_Lib1_S134_R1_001.fastq.gz	210407_D00300_1209_AHKN5WBCX3/x390_Lib1_S182_R1_001.fastq.gz	210407_D00300_1209_AHKN5WBCX3/x328_Lib2_S257_R1_001.fastq.gz	210407_D00300_1209_AHKN5WBCX3/x344_Lib1_S194_R1_001.fastq.gz	210407_D00300_1209_AHKN5WBCX3/x362_Lib2_S244_R1_001.fastq.gz	210407_D00300_1209_AHKN5WBCX3/x388_Lib1_S166_R1_001.fastq.gz	210407_D00300_1209_AHKN5WBCX3/Lib2_rep1_S208_R1_001.fastq.gz	210407_D00300_1209_AHKN5WBCX3/x327_Lib1_S153_R1_001.fastq.gz	210407_D00300_1209_AHKN5WBCX3/x403_Lib2_S287_R1_001.fastq.gz	210407_D00300_1209_AHKN5WBCX3/x372_Lib2_S229_R1_001.fastq.gz	210407_D00300_1209_AHKN5WBCX3/x354_Lib1_S179_R1_001.fastq.gz	210407_D00300_1209_AHKN5WBCX3/child-dms-rep1-input-2_S56_R1_001.fastq.gz	210407_D00300_1209_AHKN5WBCX3/x372_Lib1_S133_R1_001.fastq.gz	210407_D00300_1209_AHKN5WBCX3/x375_Lib1_S157_R1_001.fastq.gz	210407_D00300_1209_AHKN5WBCX3/x353_Lib2_S267_R1_001.fastq.gz	210407_D00300_1209_AHKN5WBCX3/x357_Lib1_S203_R1_001.fastq.gz	210407_D00300_1209_AHKN5WBCX3/x400_Lib2_S263_R1_001.fastq.gz	210407_D00300_1209_AHKN5WBCX3/x374_Lib_S245_R1_001.fastq.gz	210407_D00300_1209_AHKN5WBCX3/x393_Lib1_S206_R1_001.fastq.gz	210407_D00300_1209_AHKN5WBCX3/x349_Lib2_S235_R1_001.fastq.gz	210407_D00300_1209_AHKN5WBCX3/x404_Lib1_S199_R1_001.fastq.gz	210407_D00300_1209_AHKN5WBCX3/x353_Lib1_S171_R1_001.fastq.gz	210407_D00300_1209_AHKN5WBCX3/x338_Lib1_S146_R1_001.fastq.gz	210407_D00300_1209_AHKN5WBCX3/x396_Lib2_S231_R1_001.fastq.gz	210407_D00300_1209_AHKN5WBCX3/x332_Lib2_S289_R1_001.fastq.gz	210407_D00300_1209_AHKN5WBCX3/x400_Lib1_S167_R1_001.fastq.gz	210407_D00300_1209_AHKN5WBCX3/x398_Lib1_S151_R1_001.fastq.gz	210407_D00300_1209_AHKN5WBCX3/x357_Lib2_S299_R1_001.fastq.gz	210407_D00300_1209_AHKN5WBCX3/x381_Lib2_S301_R1_001.fastq.gz	210407_D00300_1209_AHKN5WBCX3/x352_Lib1_S163_R1_001.fastq.gz	210407_D00300_1209_AHKN5WBCX3/x371_Lib2_S221_R1_001.fastq.gz	210407_D00300_1209_AHKN5WBCX3/x397_Lib2_S239_R1_001.fastq.gz	210407_D00300_1209_AHKN5WBCX3/child-dms-rep2-input-1_S111_R1_001.fastq.gz	210407_D00300_1209_AHKN5WBCX3/x329_Lib1_S169_R1_001.fastq.gz	210407_D00300_1209_AHKN5WBCX3/x373_Lib2_S237_R1_001.fastq.gz	210407_D00300_1209_AHKN5WBCX3/x378_Lib1_S181_R1_001.fastq.gz	210407_D00300_1209_AHKN5WBCX3/x403_Lib1_S191_R1_001.fastq.gz	210407_D00300_1209_AHKN5WBCX3/x383_Lib2_S222_R1_001.fastq.gz	210407_D00300_1209_AHKN5WBCX3/x368_Lib1_S196_R1_001.fastq.gz	210407_D00300_1209_AHKN5WBCX3/x383_Lib1_S126_R1_001.fastq.gz	210407_D00300_1209_AHKN5WBCX3/x381_Lib1_S205_R1_001.fastq.gz	210407_D00300_1209_AHKN5WBCX3/x391_Lib2_S286_R1_001.fastq.gz	210407_D00300_1209_AHKN5WBCX3/x358_Lib1_S116_R1_001.fastq.gz	210407_D00300_1209_AHKN5WBCX3/x326_Lib1_S145_R1_001.fastq.gz	210407_D00300_1209_AHKN5WBCX3/x344_Lib2_S290_R1_001.fastq.gz	210407_D00300_1209_AHKN5WBCX3/x325_Lib1_S137_R1_001.fastq.gz	210407_D00300_1209_AHKN5WBCX3/x368_Lib2_S292_R1_001.fastq.gz	210407_D00300_1209_AHKN5WBCX3/x402_Lib2_S279_R1_001.fastq.gz	210407_D00300_1209_AHKN5WBCX3/x326_Lib2_S241_R1_001.fastq.gz	210407_D00300_1209_AHKN5WBCX3/x397_Lib1_S143_R1_001.fastq.gz	210407_D00300_1209_AHKN5WBCX3/x361_Lib1_S140_R1_001.fastq.gz	210407_D00300_1209_AHKN5WBCX3/x346_Lib1_S115_R1_001.fastq.gz	210407_D00300_1209_AHKN5WBCX3/x375_Lib2_S253_R1_001.fastq.gz	210407_D00300_1209_AHKN5WBCX3/x396_Lib1_S135_R1_001.fastq.gz	210407_D00300_1209_AHKN5WBCX3/x382_Lib2_S214_R1_001.fastq.gz	210407_D00300_1209_AHKN5WBCX3/x386_Lib2_S246_R1_001.fastq.gz	210407_D00300_1209_AHKN5WBCX3/x369_Lib1_S204_R1_001.fastq.gz	210407_D00300_1209_AHKN5WBCX3/x341_Lib2_S266_R1_001.fastq.gz	210407_D00300_1209_AHKN5WBCX3/x355_Lib2_S283_R1_001.fastq.gz	210407_D00300_1209_AHKN5WBCX3/x335_Lib1_S122_R1_001.fastq.gz	210407_D00300_1209_AHKN5WBCX3/x330_Lib1_S177_R1_001.fastq.gz	210407_D00300_1209_AHKN5WBCX3/x378_Lib2_S277_R1_001.fastq.gz	210407_D00300_1209_AHKN5WBCX3/x365_Lib1_S172_R1_001.fastq.gz	210407_D00300_1209_AHKN5WBCX3/x324_Lib2_S225_R1_001.fastq.gz	210407_D00300_1209_AHKN5WBCX3/x355_Lib1_S187_R1_001.fastq.gz	210407_D00300_1209_AHKN5WBCX3/input_Lib1_rep1_S152_R1_001.fastq.gz	210407_D00300_1209_AHKN5WBCX3/x367_Lib2_S284_R1_001.fastq.gz	210407_D00300_1209_AHKN5WBCX3/x323_Lib2_S217_R1_001.fastq.gz	210407_D00300_1209_AHKN5WBCX3/x334_Lib2_S210_R1_001.fastq.gz	210407_D00300_1209_AHKN5WBCX3/x340_Lib1_S162_R1_001.fastq.gz	210407_D00300_1209_AHKN5WBCX3/x339_Lib1_S154_R1_001.fastq.gz	210407_D00300_1209_AHKN5WBCX3/x342_Lib1_S178_R1_001.fastq.gz	210407_D00300_1209_AHKN5WBCX3/x387_Lib2_S254_R1_001.fastq.gz	210407_D00300_1209_AHKN5WBCX3/x331_Lib1_S185_R1_001.fastq.gz	210407_D00300_1209_AHKN5WBCX3/x393_Lib2_S302_R1_001.fastq.gz	210407_D00300_1209_AHKN5WBCX3/x380_Lib2_S293_R1_001.fastq.gz	210407_D00300_1209_AHKN5WBCX3/x356_Lib2_S291_R1_001.fastq.gz	210407_D00300_1209_AHKN5WBCX3/x388_Lib2_S262_R1_001.fastq.gz	210407_D00300_1209_AHKN5WBCX3/x370_Lib1_S117_R1_001.fastq.gz	210407_D00300_1209_AHKN5WBCX3/x336_Lib2_S226_R1_001.fastq.gz	210407_D00300_1209_AHKN5WBCX3/x342_Lib2_S274_R1_001.fastq.gz	210407_D00300_1209_AHKN5WBCX3/x392_Lib1_S198_R1_001.fastq.gz	210407_D00300_1209_AHKN5WBCX3/x384_Lib2_S230_R1_001.fastq.gz	210407_D00300_1209_AHKN5WBCX3/x370_Lib2_S213_R1_001.fastq.gz	210407_D00300_1209_AHKN5WBCX3/x399_Lib2_S255_R1_001.fastq.gz	210407_D00300_1209_AHKN5WBCX3/x361_Lib2_S236_R1_001.fastq.gz	210407_D00300_1209_AHKN5WBCX3/x347_Lib1_S123_R1_001.fastq.gz	210407_D00300_1209_AHKN5WBCX3/x346_Lib2_S211_R1_001.fastq.gz	210407_D00300_1209_AHKN5WBCX3/x395_Lib1_S127_R1_001.fastq.gz	210407_D00300_1209_AHKN5WBCX3/x328_Lib1_S161_R1_001.fastq.gz	210407_D00300_1209_AHKN5WBCX3/x386_Lib1_S150_R1_001.fastq.gz	210407_D00300_1209_AHKN5WBCX3/x350_Lib2_S243_R1_001.fastq.gz	210407_D00300_1209_AHKN5WBCX3/x399_Lib1_S159_R1_001.fastq.gz	210407_D00300_1209_AHKN5WBCX3/x394_Lib2_S215_R1_001.fastq.gz	210407_D00300_1209_AHKN5WBCX3/x338_Lib2_S242_R1_001.fastq.gz	210407_D00300_1209_AHKN5WBCX3/x402_Lib1_S183_R1_001.fastq.gz	210407_D00300_1209_AHKN5WBCX3/input_Lib1_rep2_S160_R1_001.fastq.gz	210407_D00300_1209_AHKN5WBCX3/x351_Lib2_S251_R1_001.fastq.gz	210407_D00300_1209_AHKN5WBCX3/input_Lib2_rep1_S248_R1_001.fastq.gz	210407_D00300_1209_AHKN5WBCX3/x351_Lib1_S155_R1_001.fastq.gz	210407_D00300_1209_AHKN5WBCX3/x343_Lib2_S282_R1_001.fastq.gz	210407_D00300_1209_AHKN5WBCX3/x364_Lib2_S260_R1_001.fastq.gz	210407_D00300_1209_AHKN5WBCX3/x389_Lib2_S270_R1_001.fastq.gz	210407_D00300_1209_AHKN5WBCX3/x327_Lib2_S249_R1_001.fastq.gz	210407_D00300_1209_AHKN5WBCX3/x385_Lib1_S142_R1_001.fastq.gz	210407_D00300_1209_AHKN5WBCX3/x334_Lib1_S114_R1_001.fastq.gz	210407_D00300_1209_AHKN5WBCX3/x340_Lib2_S258_R1_001.fastq.gz	210407_D00300_1209_AHKN5WBCX3/x345_Lib1_S202_R1_001.fastq.gz	210407_D00300_1209_AHKN5WBCX3/x349_Lib1_S139_R1_001.fastq.gz	210407_D00300_1209_AHKN5WBCX3/Lib2_rep2_S304_R1_001.fastq.gz	210407_D00300_1209_AHKN5WBCX3/child-dms-rep2-input-2_S112_R1_001.fastq.gz	210407_D00300_1209_AHKN5WBCX3/x331_Lib2_S281_R1_001.fastq.gz	210407_D00300_1209_AHKN5WBCX3/x369_Lib2_S300_R1_001.fastq.gz	210407_D00300_1209_AHKN5WBCX3/x366_Lib2_S276_R1_001.fastq.gz	210407_D00300_1209_AHKN5WBCX3/x366_Lib1_S180_R1_001.fastq.gz	210407_D00300_1209_AHKN5WBCX3/x382_Lib1_S118_R1_001.fastq.gz	210407_D00300_1209_AHKN5WBCX3/x350_Lib1_S147_R1_001.fastq.gz	210407_D00300_1209_AHKN5WBCX3/x365_Lib2_S268_R1_001.fastq.gz	210407_D00300_1209_AHKN5WBCX3/x367_Lib1_S188_R1_001.fastq.gz																											
9	201015_M04866_0419_000000000-JB34Y.tar	201015_M04866_0419_000000000-JB34Y/lib-S1-rep2_S4_L001_R1_001.fastq.gz	201015_M04866_0419_000000000-JB34Y/lib-S2-rep2_S8_L001_R1_001.fastq.gz	201015_M04866_0419_000000000-JB34Y/lib-S1-rep1_S3_L001_R1_001.fastq.gz	201015_M04866_0419_000000000-JB34Y/lib-S2-rep1_S7_L001_R1_001.fastq.gz																																																																																																																																																																																																				
10	200713_D00300_0996_BHFFKJBCX3.tar	200713_D00300_0996_BHFFKJBCX3/x76_rep1_CGTACTAG-CGTCTAAT_L001_R1_001.fastq.gz	200713_D00300_0996_BHFFKJBCX3/x50_rep2_Lib1_CAGAGAGG-CTCTCTAT_L002_R1_001.fastq.gz	200713_D00300_0996_BHFFKJBCX3/x76_rep1_Lib1_CGTACTAG-CGTCTAAT_L002_R1_001.fastq.gz	200713_D00300_0996_BHFFKJBCX3/x56_rep2_Lib1_TAGGCATG-AGAGTAGA_L002_R1_001.fastq.gz	200713_D00300_0996_BHFFKJBCX3/x82_rep1_Lib1_CAGAGAGG-CGTCTAAT_L002_R1_001.fastq.gz	200713_D00300_0996_BHFFKJBCX3/x64_rep2_TAGGCATG-ACTGCATA_L001_R1_001.fastq.gz	200713_D00300_0996_BHFFKJBCX3/x74_rep2_CAGAGAGG-CTAAGCCT_L001_R1_001.fastq.gz	200713_D00300_0996_BHFFKJBCX3/x50_rep2_CAGAGAGG-CTCTCTAT_L001_R1_001.fastq.gz	200713_D00300_0996_BHFFKJBCX3/x72_rep2_TAGGCATG-CTAAGCCT_L001_R1_001.fastq.gz	200713_D00300_0996_BHFFKJBCX3/x68_rep2_CGTACTAG-CTAAGCCT_L001_R1_001.fastq.gz	200713_D00300_0996_BHFFKJBCX3/x74_rep1_Lib1_CAGAGAGG-AAGGAGTA_L002_R1_001.fastq.gz	200713_D00300_0996_BHFFKJBCX3/x80_rep2_Lib1_TAGGCATG-TCTCTCCG_L002_R1_001.fastq.gz	200713_D00300_0996_BHFFKJBCX3/x82_rep2_Lib2_GTAGAGGA-TCTCTCCG_L002_R1_001.fastq.gz	200713_D00300_0996_BHFFKJBCX3/x70_rep1_TCCTGAGC-AAGGAGTA_L001_R1_001.fastq.gz	200713_D00300_0996_BHFFKJBCX3/x78_rep2_TCCTGAGC-TCTCTCCG_L001_R1_001.fastq.gz	200713_D00300_0996_BHFFKJBCX3/x78_rep1_Lib1_TCCTGAGC-CGTCTAAT_L002_R1_001.fastq.gz	200713_D00300_0996_BHFFKJBCX3/x56_rep2_TAGGCATG-AGAGTAGA_L001_R1_001.fastq.gz	200713_D00300_0996_BHFFKJBCX3/x70_rep1_Lib1_TCCTGAGC-AAGGAGTA_L002_R1_001.fastq.gz	200713_D00300_0996_BHFFKJBCX3/x53_rep2_AGGCAGAA-AGAGTAGA_L001_R1_001.fastq.gz	200713_D00300_0996_BHFFKJBCX3/x80_rep2_TAGGCATG-TCTCTCCG_L001_R1_001.fastq.gz	200713_D00300_0996_BHFFKJBCX3/x64_rep1_Lib1_TAGGCATG-GTAAGGAG_L002_R1_001.fastq.gz	200713_D00300_0996_BHFFKJBCX3/x53_rep1_Lib1_AGGCAGAA-TATCCTCT_L002_R1_001.fastq.gz	200713_D00300_0996_BHFFKJBCX3/x68_rep2_Lib1_CGTACTAG-CTAAGCCT_L002_R1_001.fastq.gz	200713_D00300_0996_BHFFKJBCX3/x60_rep2_Lib1_CGTACTAG-ACTGCATA_L002_R1_001.fastq.gz	200713_D00300_0996_BHFFKJBCX3/x72_rep1_Lib1_TAGGCATG-AAGGAGTA_L002_R1_001.fastq.gz	200713_D00300_0996_BHFFKJBCX3/x58_rep1_CAGAGAGG-TATCCTCT_L001_R1_001.fastq.gz	200713_D00300_0996_BHFFKJBCX3/x60_rep2_CGTACTAG-ACTGCATA_L001_R1_001.fastq.gz	200713_D00300_0996_BHFFKJBCX3/x58_rep1_Lib1_CAGAGAGG-TATCCTCT_L002_R1_001.fastq.gz																																																																																																																																																																												
11	210226_D00300_1187_AHKH7NBCX3.tar	210226_D00300_1187_AHKH7NBCX3/input_rep2_lib2_S446_R1_001.fastq.gz	210226_D00300_1187_AHKH7NBCX3/x270_rep1_lib1_S332_R1_001.fastq.gz	210226_D00300_1187_AHKH7NBCX3/x273_rep1_lib2_S357_R1_001.fastq.gz	210226_D00300_1187_AHKH7NBCX3/x240_rep1_lib1_S282_R1_001.fastq.gz	210226_D00300_1187_AHKH7NBCX3/x313_rep1_lib1_S296_R1_001.fastq.gz	210226_D00300_1187_AHKH7NBCX3/x250_rep1_lib1_S267_R1_001.fastq.gz	210226_D00300_1187_AHKH7NBCX3/x249_rep1_lib2_S355_R1_001.fastq.gz	210226_D00300_1187_AHKH7NBCX3/x251_rep1_lib1_S275_R1_001.fastq.gz	210226_D00300_1187_AHKH7NBCX3/x251_rep1_lib2_S371_R1_001.fastq.gz	210226_D00300_1187_AHKH7NBCX3/x256_rep1_lib2_S411_R1_001.fastq.gz	210226_D00300_1187_AHKH7NBCX3/x303_rep1_lib1_S311_R1_001.fastq.gz	210226_D00300_1187_AHKH7NBCX3/x303_rep1_lib2_S407_R1_001.fastq.gz	210226_D00300_1187_AHKH7NBCX3/x239_rep1_lib2_S370_R1_001.fastq.gz	210226_D00300_1187_AHKH7NBCX3/x240_rep1_lib2_S378_R1_001.fastq.gz	210226_D00300_1187_AHKH7NBCX3/x291_rep1_lib1_S310_R1_001.fastq.gz	210226_D00300_1187_AHKH7NBCX3/x238_rep1_lib1_S266_R1_001.fastq.gz	210226_D00300_1187_AHKH7NBCX3/x259_rep1_lib1_S244_R1_001.fastq.gz	210226_D00300_1187_AHKH7NBCX3/x304_rep1_lib1_S319_R1_001.fastq.gz	210226_D00300_1187_AHKH7NBCX3/x258_rep1_lib2_S427_R1_001.fastq.gz	210226_D00300_1187_AHKH7NBCX3/x312_rep1_lib1_S288_R1_001.fastq.gz	210226_D00300_1187_AHKH7NBCX3/x318_rep1_lib1_S336_R1_001.fastq.gz	210226_D00300_1187_AHKH7NBCX3/x319_rep1_lib2_S439_R1_001.fastq.gz	210226_D00300_1187_AHKH7NBCX3/x239_rep1_lib1_S274_R1_001.fastq.gz	210226_D00300_1187_AHKH7NBCX3/x269_rep1_lib1_S324_R1_001.fastq.gz	210226_D00300_1187_AHKH7NBCX3/x227_rep1_lib1_S273_R1_001.fastq.gz	210226_D00300_1187_AHKH7NBCX3/x280_rep1_lib1_S317_R1_001.fastq.gz	210226_D00300_1187_AHKH7NBCX3/x297_rep1_lib2_S359_R1_001.fastq.gz	210226_D00300_1187_AHKH7NBCX3/x224_rep1_lib1_S249_R1_001.fastq.gz	210226_D00300_1187_AHKH7NBCX3/x232_rep1_lib2_S409_R1_001.fastq.gz	210226_D00300_1187_AHKH7NBCX3/x307_rep1_lib1_S248_R1_001.fastq.gz	210226_D00300_1187_AHKH7NBCX3/x284_rep1_lib1_S254_R1_001.fastq.gz	210226_D00300_1187_AHKH7NBCX3/x294_rep1_lib1_S334_R1_001.fastq.gz	210226_D00300_1187_AHKH7NBCX3/x293_rep1_lib2_S422_R1_001.fastq.gz	210226_D00300_1187_AHKH7NBCX3/x242_rep1_lib2_S394_R1_001.fastq.gz	210226_D00300_1187_AHKH7NBCX3/x312_rep1_lib2_S384_R1_001.fastq.gz	210226_D00300_1187_AHKH7NBCX3/x252_rep1_lib2_S379_R1_001.fastq.gz	210226_D00300_1187_AHKH7NBCX3/x231_rep1_lib2_S401_R1_001.fastq.gz	210226_D00300_1187_AHKH7NBCX3/x279_rep1_lib2_S405_R1_001.fastq.gz	210226_D00300_1187_AHKH7NBCX3/x285_rep1_lib2_S358_R1_001.fastq.gz	210226_D00300_1187_AHKH7NBCX3/x262_rep1_lib2_S364_R1_001.fastq.gz	210226_D00300_1187_AHKH7NBCX3/x233_rep1_lib1_S321_R1_001.fastq.gz	210226_D00300_1187_AHKH7NBCX3/x311_rep1_lib2_S376_R1_001.fastq.gz	210226_D00300_1187_AHKH7NBCX3/x280_rep1_lib2_S413_R1_001.fastq.gz	210226_D00300_1187_AHKH7NBCX3/x263_rep1_lib2_S372_R1_001.fastq.gz	210226_D00300_1187_AHKH7NBCX3/x288_rep1_lib1_S286_R1_001.fastq.gz	210226_D00300_1187_AHKH7NBCX3/x284_rep1_lib2_S350_R1_001.fastq.gz	210226_D00300_1187_AHKH7NBCX3/x277_rep1_lib1_S293_R1_001.fastq.gz	210226_D00300_1187_AHKH7NBCX3/x266_rep1_lib2_S396_R1_001.fastq.gz	210226_D00300_1187_AHKH7NBCX3/x234_rep1_lib2_S425_R1_001.fastq.gz	210226_D00300_1187_AHKH7NBCX3/x277_rep1_lib2_S389_R1_001.fastq.gz	210226_D00300_1187_AHKH7NBCX3/x300_rep1_lib1_S287_R1_001.fastq.gz	210226_D00300_1187_AHKH7NBCX3/x281_rep1_lib1_S325_R1_001.fastq.gz	210226_D00300_1187_AHKH7NBCX3/x253_rep1_lib1_S291_R1_001.fastq.gz	210226_D00300_1187_AHKH7NBCX3/x276_rep1_lib1_S285_R1_001.fastq.gz	210226_D00300_1187_AHKH7NBCX3/x232_rep1_lib1_S313_R1_001.fastq.gz	210226_D00300_1187_AHKH7NBCX3/x270_rep1_lib2_S428_R1_001.fastq.gz	210226_D00300_1187_AHKH7NBCX3/x229_rep1_lib1_S289_R1_001.fastq.gz	210226_D00300_1187_AHKH7NBCX3/x241_rep1_lib2_S386_R1_001.fastq.gz	210226_D00300_1187_AHKH7NBCX3/x275_rep1_lib1_S277_R1_001.fastq.gz	210226_D00300_1187_AHKH7NBCX3/x225_rep1_lib1_S257_R1_001.fastq.gz	210226_D00300_1187_AHKH7NBCX3/x227_rep1_lib2_S369_R1_001.fastq.gz	210226_D00300_1187_AHKH7NBCX3/x223_rep1_lib1_S241_R1_001.fastq.gz	210226_D00300_1187_AHKH7NBCX3/x298_rep1_lib1_S271_R1_001.fastq.gz	210226_D00300_1187_AHKH7NBCX3/x230_rep1_lib2_S393_R1_001.fastq.gz	210226_D00300_1187_AHKH7NBCX3/x249_rep1_lib1_S259_R1_001.fastq.gz	210226_D00300_1187_AHKH7NBCX3/x247_rep1_lib2_S339_R1_001.fastq.gz	210226_D00300_1187_AHKH7NBCX3/x306_rep1_lib2_S431_R1_001.fastq.gz	210226_D00300_1187_AHKH7NBCX3/x243_rep1_lib2_S402_R1_001.fastq.gz	210226_D00300_1187_AHKH7NBCX3/x267_rep1_lib1_S308_R1_001.fastq.gz	210226_D00300_1187_AHKH7NBCX3/x261_rep1_lib1_S260_R1_001.fastq.gz	210226_D00300_1187_AHKH7NBCX3/x305_rep1_lib2_S423_R1_001.fastq.gz	210226_D00300_1187_AHKH7NBCX3/x315_rep1_lib1_S312_R1_001.fastq.gz	210226_D00300_1187_AHKH7NBCX3/x233_rep1_lib2_S417_R1_001.fastq.gz	210226_D00300_1187_AHKH7NBCX3/x290_rep1_lib1_S302_R1_001.fastq.gz	210226_D00300_1187_AHKH7NBCX3/x228_rep1_lib2_S377_R1_001.fastq.gz	210226_D00300_1187_AHKH7NBCX3/x236_rep1_lib1_S250_R1_001.fastq.gz	210226_D00300_1187_AHKH7NBCX3/x253_rep1_lib2_S387_R1_001.fastq.gz	210226_D00300_1187_AHKH7NBCX3/x246_rep1_lib2_S426_R1_001.fastq.gz	210226_D00300_1187_AHKH7NBCX3/x268_rep1_lib1_S316_R1_001.fastq.gz	210226_D00300_1187_AHKH7NBCX3/x288_rep1_lib2_S382_R1_001.fastq.gz	210226_D00300_1187_AHKH7NBCX3/x287_rep1_lib1_S278_R1_001.fastq.gz	210226_D00300_1187_AHKH7NBCX3/x317_rep1_lib1_S328_R1_001.fastq.gz	210226_D00300_1187_AHKH7NBCX3/x281_rep1_lib2_S421_R1_001.fastq.gz	210226_D00300_1187_AHKH7NBCX3/x231_rep1_lib1_S305_R1_001.fastq.gz	210226_D00300_1187_AHKH7NBCX3/x273_rep1_lib1_S261_R1_001.fastq.gz	210226_D00300_1187_AHKH7NBCX3/x316_rep1_lib2_S416_R1_001.fastq.gz	210226_D00300_1187_AHKH7NBCX3/x317_rep1_lib2_S424_R1_001.fastq.gz	210226_D00300_1187_AHKH7NBCX3/x265_rep1_lib1_S292_R1_001.fastq.gz	210226_D00300_1187_AHKH7NBCX3/x296_rep1_lib2_S351_R1_001.fastq.gz	210226_D00300_1187_AHKH7NBCX3/x296_rep1_lib1_S255_R1_001.fastq.gz	210226_D00300_1187_AHKH7NBCX3/x319_rep1_lib1_S433_R1_001.fastq.gz	210226_D00300_1187_AHKH7NBCX3/x272_rep1_lib1_S253_R1_001.fastq.gz	210226_D00300_1187_AHKH7NBCX3/x295_rep1_lib2_S343_R1_001.fastq.gz	210226_D00300_1187_AHKH7NBCX3/x247_rep1_lib1_S243_R1_001.fastq.gz	210226_D00300_1187_AHKH7NBCX3/x282_rep1_lib1_S333_R1_001.fastq.gz	210226_D00300_1187_AHKH7NBCX3/x255_rep1_lib2_S403_R1_001.fastq.gz	210226_D00300_1187_AHKH7NBCX3/x304_rep1_lib2_S415_R1_001.fastq.gz	210226_D00300_1187_AHKH7NBCX3/x285_rep1_lib1_S262_R1_001.fastq.gz	210226_D00300_1187_AHKH7NBCX3/x286_rep1_lib2_S366_R1_001.fastq.gz	210226_D00300_1187_AHKH7NBCX3/x310_rep1_lib2_S368_R1_001.fastq.gz	210226_D00300_1187_AHKH7NBCX3/x261_rep1_lib2_S356_R1_001.fastq.gz	210226_D00300_1187_AHKH7NBCX3/x293_rep1_lib1_S326_R1_001.fastq.gz	210226_D00300_1187_AHKH7NBCX3/x235_rep1_lib2_S338_R1_001.fastq.gz	210226_D00300_1187_AHKH7NBCX3/x278_rep1_lib2_S397_R1_001.fastq.gz	210226_D00300_1187_AHKH7NBCX3/x260_rep1_lib1_S252_R1_001.fastq.gz	210226_D00300_1187_AHKH7NBCX3/x237_rep1_lib1_S258_R1_001.fastq.gz	210226_D00300_1187_AHKH7NBCX3/x263_rep1_lib1_S276_R1_001.fastq.gz	210226_D00300_1187_AHKH7NBCX3/x286_rep1_lib1_S270_R1_001.fastq.gz	210226_D00300_1187_AHKH7NBCX3/x254_rep1_lib1_S299_R1_001.fastq.gz	210226_D00300_1187_AHKH7NBCX3/x292_rep1_lib1_S318_R1_001.fastq.gz	210226_D00300_1187_AHKH7NBCX3/x318_rep1_lib2_S432_R1_001.fastq.gz	210226_D00300_1187_AHKH7NBCX3/x278_rep1_lib1_S301_R1_001.fastq.gz	210226_D00300_1187_AHKH7NBCX3/x314_rep1_lib2_S400_R1_001.fastq.gz	210226_D00300_1187_AHKH7NBCX3/x224_rep1_lib2_S345_R1_001.fastq.gz	210226_D00300_1187_AHKH7NBCX3/x264_rep1_lib1_S284_R1_001.fastq.gz	210226_D00300_1187_AHKH7NBCX3/x309_rep1_lib1_S264_R1_001.fastq.gz	210226_D00300_1187_AHKH7NBCX3/x320_rep1_lib2_S440_R1_001.fastq.gz	210226_D00300_1187_AHKH7NBCX3/x283_rep1_lib2_S342_R1_001.fastq.gz	210226_D00300_1187_AHKH7NBCX3/x236_rep1_lib2_S346_R1_001.fastq.gz	210226_D00300_1187_AHKH7NBCX3/input_rep1_lib1_S436_R1_001.fastq.gz	210226_D00300_1187_AHKH7NBCX3/x238_rep1_lib2_S362_R1_001.fastq.gz	210226_D00300_1187_AHKH7NBCX3/x264_rep1_lib2_S380_R1_001.fastq.gz	210226_D00300_1187_AHKH7NBCX3/x245_rep1_lib1_S322_R1_001.fastq.gz	210226_D00300_1187_AHKH7NBCX3/x223_rep1_lib2_S337_R1_001.fastq.gz	210226_D00300_1187_AHKH7NBCX3/x279_rep1_lib1_S309_R1_001.fastq.gz	210226_D00300_1187_AHKH7NBCX3/x267_rep1_lib2_S404_R1_001.fastq.gz	210226_D00300_1187_AHKH7NBCX3/x244_rep1_lib1_S314_R1_001.fastq.gz	210226_D00300_1187_AHKH7NBCX3/x299_rep1_lib2_S375_R1_001.fastq.gz	210226_D00300_1187_AHKH7NBCX3/x291_rep1_lib2_S406_R1_001.fastq.gz	210226_D00300_1187_AHKH7NBCX3/x295_rep1_lib1_S247_R1_001.fastq.gz	210226_D00300_1187_AHKH7NBCX3/x230_rep1_lib1_S297_R1_001.fastq.gz	210226_D00300_1187_AHKH7NBCX3/x262_rep1_lib1_S268_R1_001.fastq.gz	210226_D00300_1187_AHKH7NBCX3/x301_rep1_lib1_S295_R1_001.fastq.gz	210226_D00300_1187_AHKH7NBCX3/x248_rep1_lib1_S251_R1_001.fastq.gz	210226_D00300_1187_AHKH7NBCX3/x265_rep1_lib2_S388_R1_001.fastq.gz	210226_D00300_1187_AHKH7NBCX3/x276_rep1_lib2_S381_R1_001.fastq.gz	210226_D00300_1187_AHKH7NBCX3/x311_rep1_lib1_S280_R1_001.fastq.gz	210226_D00300_1187_AHKH7NBCX3/x299_rep1_lib1_S279_R1_001.fastq.gz	210226_D00300_1187_AHKH7NBCX3/x268_rep1_lib2_S412_R1_001.fastq.gz	210226_D00300_1187_AHKH7NBCX3/x269_rep1_lib2_S420_R1_001.fastq.gz	210226_D00300_1187_AHKH7NBCX3/x315_rep1_lib2_S408_R1_001.fastq.gz	210226_D00300_1187_AHKH7NBCX3/x246_rep1_lib1_S330_R1_001.fastq.gz	210226_D00300_1187_AHKH7NBCX3/x302_rep1_lib1_S303_R1_001.fastq.gz	210226_D00300_1187_AHKH7NBCX3/x271_rep1_lib1_S245_R1_001.fastq.gz	210226_D00300_1187_AHKH7NBCX3/x309_rep1_lib2_S360_R1_001.fastq.gz	210226_D00300_1187_AHKH7NBCX3/x283_rep1_lib1_S246_R1_001.fastq.gz	210226_D00300_1187_AHKH7NBCX3/x272_rep1_lib2_S349_R1_001.fastq.gz	210226_D00300_1187_AHKH7NBCX3/x257_rep1_lib1_S323_R1_001.fastq.gz	210226_D00300_1187_AHKH7NBCX3/x298_rep1_lib2_S367_R1_001.fastq.gz	210226_D00300_1187_AHKH7NBCX3/x306_rep1_lib1_S335_R1_001.fastq.gz	210226_D00300_1187_AHKH7NBCX3/x274_rep1_lib1_S269_R1_001.fastq.gz	210226_D00300_1187_AHKH7NBCX3/x252_rep1_lib1_S283_R1_001.fastq.gz	210226_D00300_1187_AHKH7NBCX3/x308_rep1_lib1_S256_R1_001.fastq.gz	210226_D00300_1187_AHKH7NBCX3/x237_rep1_lib2_S354_R1_001.fastq.gz	210226_D00300_1187_AHKH7NBCX3/x241_rep1_lib1_S290_R1_001.fastq.gz	210226_D00300_1187_AHKH7NBCX3/x300_rep1_lib2_S383_R1_001.fastq.gz	210226_D00300_1187_AHKH7NBCX3/x275_rep1_lib2_S373_R1_001.fastq.gz	210226_D00300_1187_AHKH7NBCX3/x290_rep1_lib2_S398_R1_001.fastq.gz	210226_D00300_1187_AHKH7NBCX3/x287_rep1_lib2_S374_R1_001.fastq.gz	210226_D00300_1187_AHKH7NBCX3/x289_rep1_lib1_S294_R1_001.fastq.gz	210226_D00300_1187_AHKH7NBCX3/x248_rep1_lib2_S347_R1_001.fastq.gz	210226_D00300_1187_AHKH7NBCX3/x289_rep1_lib2_S390_R1_001.fastq.gz	210226_D00300_1187_AHKH7NBCX3/x244_rep1_lib2_S410_R1_001.fastq.gz	210226_D00300_1187_AHKH7NBCX3/x250_rep1_lib2_S363_R1_001.fastq.gz	210226_D00300_1187_AHKH7NBCX3/x305_rep1_lib1_S327_R1_001.fastq.gz	210226_D00300_1187_AHKH7NBCX3/x243_rep1_lib1_S306_R1_001.fastq.gz	210226_D00300_1187_AHKH7NBCX3/x274_rep1_lib2_S365_R1_001.fastq.gz	210226_D00300_1187_AHKH7NBCX3/x258_rep1_lib1_S331_R1_001.fastq.gz	210226_D00300_1187_AHKH7NBCX3/x307_rep1_lib2_S344_R1_001.fastq.gz	210226_D00300_1187_AHKH7NBCX3/x282_rep1_lib2_S429_R1_001.fastq.gz	210226_D00300_1187_AHKH7NBCX3/x245_rep1_lib2_S418_R1_001.fastq.gz	210226_D00300_1187_AHKH7NBCX3/x316_rep1_lib1_S320_R1_001.fastq.gz	210226_D00300_1187_AHKH7NBCX3/x257_rep1_lib2_S419_R1_001.fastq.gz	210226_D00300_1187_AHKH7NBCX3/x302_rep1_lib2_S399_R1_001.fastq.gz	210226_D00300_1187_AHKH7NBCX3/x255_rep1_lib1_S307_R1_001.fastq.gz	210226_D00300_1187_AHKH7NBCX3/x310_rep1_lib1_S272_R1_001.fastq.gz	210226_D00300_1187_AHKH7NBCX3/x314_rep1_lib1_S304_R1_001.fastq.gz	210226_D00300_1187_AHKH7NBCX3/x320_rep1_lib1_S434_R1_001.fastq.gz	210226_D00300_1187_AHKH7NBCX3/x297_rep1_lib1_S263_R1_001.fastq.gz	210226_D00300_1187_AHKH7NBCX3/x256_rep1_lib1_S315_R1_001.fastq.gz	210226_D00300_1187_AHKH7NBCX3/x226_rep1_lib1_S265_R1_001.fastq.gz	210226_D00300_1187_AHKH7NBCX3/x294_rep1_lib2_S430_R1_001.fastq.gz	210226_D00300_1187_AHKH7NBCX3/x292_rep1_lib2_S414_R1_001.fastq.gz	210226_D00300_1187_AHKH7NBCX3/x225_rep1_lib2_S353_R1_001.fastq.gz	210226_D00300_1187_AHKH7NBCX3/x259_rep1_lib2_S340_R1_001.fastq.gz	210226_D00300_1187_AHKH7NBCX3/x313_rep1_lib2_S392_R1_001.fastq.gz	210226_D00300_1187_AHKH7NBCX3/x260_rep1_lib2_S348_R1_001.fastq.gz	210226_D00300_1187_AHKH7NBCX3/x254_rep1_lib2_S395_R1_001.fastq.gz	210226_D00300_1187_AHKH7NBCX3/x235_rep1_lib1_S242_R1_001.fastq.gz	210226_D00300_1187_AHKH7NBCX3/x226_rep1_lib2_S361_R1_001.fastq.gz	210226_D00300_1187_AHKH7NBCX3/x229_rep1_lib2_S385_R1_001.fastq.gz	210226_D00300_1187_AHKH7NBCX3/x266_rep1_lib1_S300_R1_001.fastq.gz	210226_D00300_1187_AHKH7NBCX3/x308_rep1_lib2_S352_R1_001.fastq.gz	210226_D00300_1187_AHKH7NBCX3/input_rep2_lib1_S438_R1_001.fastq.gz	210226_D00300_1187_AHKH7NBCX3/input_rep1_lib2_S445_R1_001.fastq.gz	210226_D00300_1187_AHKH7NBCX3/x228_rep1_lib1_S281_R1_001.fastq.gz	210226_D00300_1187_AHKH7NBCX3/x234_rep1_lib1_S329_R1_001.fastq.gz	210226_D00300_1187_AHKH7NBCX3/x301_rep1_lib2_S391_R1_001.fastq.gz	210226_D00300_1187_AHKH7NBCX3/x271_rep1_lib2_S341_R1_001.fastq.gz	210226_D00300_1187_AHKH7NBCX3/x242_rep1_lib1_S298_R1_001.fastq.gz
